text,id,created_at,context_annotations
RT @veecon: incoming ü™Çü™Çü™Ç https://t.co/ffYTVltqOe,1506482144746606597,2022-03-23T04:05:07.000Z,
"Where are our visual learners at? Catch up on everything from VeeFriends last week (3/11-3/18) in under 30 seconds, or read the full thread to get everything in-depth üëá https://t.co/0iYzjBrNTf https://t.co/e8kk6FNUIG",1506408188047986689,2022-03-22T23:11:14.000Z,
@garyvee https://t.co/hpOjJ12kIF,1506400694647115787,2022-03-22T22:41:27.000Z,
"Welcome everyone! Whether you‚Äôve been in the VeeFam since May or are just joining, we‚Äôre excited to have you as we try out this new feature. No VeeFriend required to be in here, only positive vibes and curiosity needed üôÇ",1506397490777579520,2022-03-22T22:28:43.000Z,
"Trying out this fun new feature on Twitter called Community! This allows the VeeFam to get closer on Twitter, and we‚Äôre excited to see how you guys vibe with it. You can join below üëá https://t.co/nNwgOVACJ7",1506395502711132164,2022-03-22T22:20:49.000Z,"[{'domain': {'id': '46', 'name': 'Brand Category', 'description': 'Categories within Brand Verticals that narrow down the scope of Brands'}, 'entity': {'id': '781974596752842752', 'name': 'Services'}}, {'domain': {'id': '47', 'name': 'Brand', 'description': 'Brands and Companies'}, 'entity': {'id': '10045225402', 'name': 'Twitter'}}]"
"RT @veecon: You've been asking for it, and here it is! The VeeCon 2022 Volunteer Application, if you're interested, apply below
üëáüëáüëá
https:/‚Ä¶",1506392128540356610,2022-03-22T22:07:25.000Z,
RT @veecon: Join us in welcoming @dixiedamelio as a Speaker at VeeCon 2022! #SeeYouAtVeeCon https://t.co/66YBz8o6um,1506379646010593287,2022-03-22T21:17:49.000Z,"[{'domain': {'id': '10', 'name': 'Person', 'description': 'Named people in the world like Nelson Mandela'}, 'entity': {'id': '1248227849867124737', 'name': ""Dixie D'Amelio""}}, {'domain': {'id': '120', 'name': 'Digital Creator', 'description': 'Influencers who create content on digital platforms'}, 'entity': {'id': '1248227849867124737', 'name': ""Dixie D'Amelio""}}]"
RT @veecon: Join us in welcoming @DrewAustin as a Speaker at VeeCon 2022! #SeeYouAtVeeCon https://t.co/MpqPhEDuxO,1506379639287123980,2022-03-22T21:17:47.000Z,
It'll be the red one for me please üíä https://t.co/yRmR62x8EU,1506372235564654599,2022-03-22T20:48:22.000Z,
I said what I said https://t.co/Vn2zcxRv0X,1506351910974070792,2022-03-22T19:27:36.000Z,
"Series 2 is heating up... Get all of the alpha and hints in the Discord, much more info to come and Discord finds out first! Join at https://t.co/92PjWzTMaB https://t.co/G4uDQA0PCF",1506323644464746509,2022-03-22T17:35:17.000Z,"[{'domain': {'id': '47', 'name': 'Brand', 'description': 'Brands and Companies'}, 'entity': {'id': '1168499224297656321', 'name': 'Discord'}}]"
RT @garyvee: https://t.co/xmCmjsFtwV,1506323282882174979,2022-03-22T17:33:51.000Z,
RT @lion_king65: Loving the evolution of @veefriends! From minting what I truly thought were ‚Äòjust‚Äô doodles to what it‚Äôs becoming is comple‚Ä¶,1506322931315523591,2022-03-22T17:32:27.000Z,
"First education session today is LIVE NOW until 1PM ET! Join up, bring a friend, and come learn about everything NFTs https://t.co/vGKfYWVuts",1506298859101822981,2022-03-22T15:56:48.000Z,"[{'domain': {'id': '66', 'name': 'Interests and Hobbies Category', 'description': 'A grouping of interests and hobbies entities, like Novelty Food or Destinations'}, 'entity': {'id': '913142676819648512', 'name': 'Cryptocurrencies', 'description': 'Cryptocurrency'}}]"
"Whether you're gearing up for VeeFriends Series 2 or just want to learn about NFTs, these free-to-attend NFT 101 sessions are for you! Come learn all of the basics with the VeeFriends team. 
Today's sessions: 12PM ET &amp; 8PM ET
All info: https://t.co/39tMr77Khy https://t.co/3EAhmEd1KF",1506283720990412801,2022-03-22T14:56:39.000Z,"[{'domain': {'id': '66', 'name': 'Interests and Hobbies Category', 'description': 'A grouping of interests and hobbies entities, like Novelty Food or Destinations'}, 'entity': {'id': '913142676819648512', 'name': 'Cryptocurrencies', 'description': 'Cryptocurrency'}}]"
"@KingMedoofa @VaynerMedia Hey Michael, we'd love to have you in the VeeFriends Discord. It's an awesome place to learn about NFTs and pick the brains of people who have a lot of experience in the space. You can join at https://t.co/92PjWzTMaB",1506279511595311110,2022-03-22T14:39:55.000Z,"[{'domain': {'id': '47', 'name': 'Brand', 'description': 'Brands and Companies'}, 'entity': {'id': '1168499224297656321', 'name': 'Discord'}}, {'domain': {'id': '66', 'name': 'Interests and Hobbies Category', 'description': 'A grouping of interests and hobbies entities, like Novelty Food or Destinations'}, 'entity': {'id': '913142676819648512', 'name': 'Cryptocurrencies', 'description': 'Cryptocurrency'}}]"
First-look at Lava Spectaculars in VeeFriends Series 2! üî•üåã https://t.co/VhcXFTvElV,1506264220123467783,2022-03-22T13:39:09.000Z,
@garyvee https://t.co/BQOzxQqee3,1506262885735014408,2022-03-22T13:33:51.000Z,
You ready for VeeFriends Series 2? üòè #WeAreEvolving https://t.co/ZD0UAXkHPN,1506262776309821460,2022-03-22T13:33:25.000Z,
RT @garyvee: Series 2 @veefriends is super close .. details coming soon but it‚Äôs April and it‚Äôs time for the evelution https://t.co/1mDLXks‚Ä¶,1506262469261635586,2022-03-22T13:32:12.000Z,
#NewProfilePic #TolerantTortoise #HologramSpectacular https://t.co/vNgIYRseTj,1506251670958792706,2022-03-22T12:49:17.000Z,
"RT @veefriendsbot: Kind-Warrior was purchased for 20.9900 $ETH ($61,811.77 USD) by https://t.co/DUzZkVxLBy from https://t.co/j4xbMcpyO5

Gr‚Ä¶",1506029842839576594,2022-03-21T22:07:49.000Z,"[{'domain': {'id': '30', 'name': 'Entities [Entity Service]', 'description': 'Entity Service top level domain, every item that is in Entity Service should be in this domain'}, 'entity': {'id': '1007361429752594432', 'name': 'Ethereum cryptocurrency', 'description': 'Ethereum Cryptocurrency'}}, {'domain': {'id': '66', 'name': 'Interests and Hobbies Category', 'description': 'A grouping of interests and hobbies entities, like Novelty Food or Destinations'}, 'entity': {'id': '913142676819648512', 'name': 'Cryptocurrencies', 'description': 'Cryptocurrency'}}, {'domain': {'id': '66', 'name': 'Interests and Hobbies Category', 'description': 'A grouping of interests and hobbies entities, like Novelty Food or Destinations'}, 'entity': {'id': '1492162686204854274', 'name': 'Digital assets & cryptocurrency', 'description': 'Cryptocurrency'}}]"
"RT @veefriendsbot: When You Live For Their... was purchased for 17.4900 $ETH ($51,688.9 USD) by https://t.co/obAlSBcIhu from https://t.co/y‚Ä¶",1506029793271238656,2022-03-21T22:07:38.000Z,"[{'domain': {'id': '30', 'name': 'Entities [Entity Service]', 'description': 'Entity Service top level domain, every item that is in Entity Service should be in this domain'}, 'entity': {'id': '1007361429752594432', 'name': 'Ethereum cryptocurrency', 'description': 'Ethereum Cryptocurrency'}}, {'domain': {'id': '66', 'name': 'Interests and Hobbies Category', 'description': 'A grouping of interests and hobbies entities, like Novelty Food or Destinations'}, 'entity': {'id': '913142676819648512', 'name': 'Cryptocurrencies', 'description': 'Cryptocurrency'}}, {'domain': {'id': '66', 'name': 'Interests and Hobbies Category', 'description': 'A grouping of interests and hobbies entities, like Novelty Food or Destinations'}, 'entity': {'id': '1492162686204854274', 'name': 'Digital assets & cryptocurrency', 'description': 'Cryptocurrency'}}]"
"RT @bennidaytime: A lot of people pointing out the @veefriends toys on the shelf in @garyvee‚Äôs podcast room. 

Firstly, they‚Äôre not officia‚Ä¶",1505993368979058698,2022-03-21T19:42:53.000Z,
"RT @CryptoCoug: 59 sleeps till @veecon 
15 sleeps till @veefriends v2 WL 
üëÄ 
#VeeFriends #veecon #NFTs #NFTCommunity #nftcollectors",1505983303697977347,2022-03-21T19:02:54.000Z,"[{'domain': {'id': '66', 'name': 'Interests and Hobbies Category', 'description': 'A grouping of interests and hobbies entities, like Novelty Food or Destinations'}, 'entity': {'id': '913142676819648512', 'name': 'Cryptocurrencies', 'description': 'Cryptocurrency'}}]"
"Made it through #MarchMadness opening weekend with a perfect bracket. Kindness always wins, even in the madness  #KindKudu https://t.co/awq6N08tgE",1505946430099410949,2022-03-21T16:36:22.000Z,"[{'domain': {'id': '3', 'name': 'TV Shows', 'description': 'Television shows from around the world'}, 'entity': {'id': '10000583723', 'name': 'College Basketball', 'description': ""Men's college basketball action.""}}, {'domain': {'id': '6', 'name': 'Sports Event'}, 'entity': {'id': '1486129289418330116', 'name': ""2022 Men's March Madness Tournament""}}, {'domain': {'id': '11', 'name': 'Sport', 'description': 'Types of sports, like soccer and basketball'}, 'entity': {'id': '706083902411055104', 'name': 'Basketball'}}, {'domain': {'id': '26', 'name': 'Sports League', 'description': ''}, 'entity': {'id': '706095585175035904', 'name': ""NCAA Men's Basketball""}}, {'domain': {'id': '40', 'name': 'Sports Series', 'description': 'A grouping of sports events or series, for example 2014 pre-season, a tournament, or round'}, 'entity': {'id': '1486129289418330116', 'name': ""2022 Men's March Madness Tournament""}}]"
RT @itsdaveynft: #NewNFTProfilePic NFT by @garyvee and @DrifterShoots. Gotta rep this üî•üî•üî• https://t.co/PNgAW1reTM,1505945939344822277,2022-03-21T16:34:25.000Z,"[{'domain': {'id': '46', 'name': 'Brand Category', 'description': 'Categories within Brand Verticals that narrow down the scope of Brands'}, 'entity': {'id': '781974596752842752', 'name': 'Services'}}, {'domain': {'id': '47', 'name': 'Brand', 'description': 'Brands and Companies'}, 'entity': {'id': '10045225402', 'name': 'Twitter'}}, {'domain': {'id': '48', 'name': 'Product', 'description': 'Products created by Brands.  Examples: Ford Explorer, Apple iPhone.'}, 'entity': {'id': '1499438154234798100', 'name': 'Twitter NFT Profile Pic'}}, {'domain': {'id': '66', 'name': 'Interests and Hobbies Category', 'description': 'A grouping of interests and hobbies entities, like Novelty Food or Destinations'}, 'entity': {'id': '913142676819648512', 'name': 'Cryptocurrencies', 'description': 'Cryptocurrency'}}]"
"Courtside Cat last night, and now Jam Session Snail today! So exciting seeing these 1 of 1 VeeFriends Access tokens coming to life and displaying how NFTs can create real-world value https://t.co/0no9sh6JsC",1505908885978333186,2022-03-21T14:07:11.000Z,"[{'domain': {'id': '66', 'name': 'Interests and Hobbies Category', 'description': 'A grouping of interests and hobbies entities, like Novelty Food or Destinations'}, 'entity': {'id': '913142676819648512', 'name': 'Cryptocurrencies', 'description': 'Cryptocurrency'}}]"
"2/2
We love seeing these VeeFriends Access experiences in action, all powered by the amazing technology of NFTs https://t.co/HETpi2Usvq",1505907059165995013,2022-03-21T13:59:55.000Z,"[{'domain': {'id': '3', 'name': 'TV Shows', 'description': 'Television shows from around the world'}, 'entity': {'id': '10000607734', 'name': 'NBA Basketball', 'description': 'All the latest basketball action from the NBA.'}}, {'domain': {'id': '3', 'name': 'TV Shows', 'description': 'Television shows from around the world'}, 'entity': {'id': '10029190505', 'name': 'Live: NBA Basketball', 'description': 'Live coverage from the National Basketball Association, the top basketball league in North America.'}}, {'domain': {'id': '3', 'name': 'TV Shows', 'description': 'Television shows from around the world'}, 'entity': {'id': '10029304530', 'name': 'NBA Basketball'}}, {'domain': {'id': '6', 'name': 'Sports Event'}, 'entity': {'id': '1450121135094259721', 'name': 'Jazz at Knicks'}}, {'domain': {'id': '11', 'name': 'Sport', 'description': 'Types of sports, like soccer and basketball'}, 'entity': {'id': '706083902411055104', 'name': 'Basketball'}}, {'domain': {'id': '12', 'name': 'Sports Team', 'description': 'A sports team organization, like Arsenal and the Boston Celtics'}, 'entity': {'id': '706083892525010946', 'name': 'New York Knicks'}}, {'domain': {'id': '26', 'name': 'Sports League', 'description': ''}, 'entity': {'id': '706083889454813185', 'name': 'NBA'}}, {'domain': {'id': '39', 'name': 'Basketball Game', 'description': 'Sports Event specific to Basketball games'}, 'entity': {'id': '1450121135094259721', 'name': 'Jazz at Knicks'}}, {'domain': {'id': '66', 'name': 'Interests and Hobbies Category', 'description': 'A grouping of interests and hobbies entities, like Novelty Food or Destinations'}, 'entity': {'id': '913142676819648512', 'name': 'Cryptocurrencies', 'description': 'Cryptocurrency'}}]"
"1/2
The Courtside Cat is a 1 of 1 Access token, which allows the holder to sit courtside at a @nyknicks game with @garyvee once a year for 3 years. @VoiceverseNFT purchased the token less than a month ago, allowing them to claim the access experience https://t.co/lXONvNJqH9",1505907057626656775,2022-03-21T13:59:55.000Z,"[{'domain': {'id': '3', 'name': 'TV Shows', 'description': 'Television shows from around the world'}, 'entity': {'id': '10000607734', 'name': 'NBA Basketball', 'description': 'All the latest basketball action from the NBA.'}}, {'domain': {'id': '3', 'name': 'TV Shows', 'description': 'Television shows from around the world'}, 'entity': {'id': '10029190505', 'name': 'Live: NBA Basketball', 'description': 'Live coverage from the National Basketball Association, the top basketball league in North America.'}}, {'domain': {'id': '3', 'name': 'TV Shows', 'description': 'Television shows from around the world'}, 'entity': {'id': '10029304530', 'name': 'NBA Basketball'}}, {'domain': {'id': '6', 'name': 'Sports Event'}, 'entity': {'id': '1450121135094259721', 'name': 'Jazz at Knicks'}}, {'domain': {'id': '11', 'name': 'Sport', 'description': 'Types of sports, like soccer and basketball'}, 'entity': {'id': '706083902411055104', 'name': 'Basketball'}}, {'domain': {'id': '12', 'name': 'Sports Team', 'description': 'A sports team organization, like Arsenal and the Boston Celtics'}, 'entity': {'id': '706083892525010946', 'name': 'New York Knicks'}}, {'domain': {'id': '26', 'name': 'Sports League', 'description': ''}, 'entity': {'id': '706083889454813185', 'name': 'NBA'}}, {'domain': {'id': '39', 'name': 'Basketball Game', 'description': 'Sports Event specific to Basketball games'}, 'entity': {'id': '1450121135094259721', 'name': 'Jazz at Knicks'}}, {'domain': {'id': '30', 'name': 'Entities [Entity Service]', 'description': 'Entity Service top level domain, every item that is in Entity Service should be in this domain'}, 'entity': {'id': '1007361429752594432', 'name': 'Ethereum cryptocurrency', 'description': 'Ethereum Cryptocurrency'}}, {'domain': {'id': '66', 'name': 'Interests and Hobbies Category', 'description': 'A grouping of interests and hobbies entities, like Novelty Food or Destinations'}, 'entity': {'id': '913142676819648512', 'name': 'Cryptocurrencies', 'description': 'Cryptocurrency'}}, {'domain': {'id': '66', 'name': 'Interests and Hobbies Category', 'description': 'A grouping of interests and hobbies entities, like Novelty Food or Destinations'}, 'entity': {'id': '1492162686204854274', 'name': 'Digital assets & cryptocurrency', 'description': 'Cryptocurrency'}}]"
"Last night, the first-ever Courtside Cat Access redemption went down! What is the Courtside Cat and why is it an awesome Access token? Let's find out üèÄ https://t.co/IxAvP7Lm80",1505907054350942214,2022-03-21T13:59:54.000Z,
Eyes forward #RationalRattlesnake https://t.co/rpkNZhkdce,1505899370088181761,2022-03-21T13:29:22.000Z,
#NewProfilePic #DecisiveDuck #GoldSpectacular https://t.co/m7R6nPr7oW,1505891957842886663,2022-03-21T12:59:55.000Z,
Gold Spectaculars hit different in VeeFriends Series 2‚Ä¶#WeAreEvolving https://t.co/KRBhjbhZ2o,1505258914086109189,2022-03-19T19:04:26.000Z,
Bad Ass Bulldog is coming to Series 2 with a fresh new look! Plus‚Ä¶üêà‚Äç‚¨õüëÄ https://t.co/436lj0Y6go,1505180719101972486,2022-03-19T13:53:42.000Z,
"VeeFriends is bloomingüå∏ with exciting developments as spring season approaches. Gift Goats received their 3rd gift, @VeeCon Gary Originally Owned (G.O.O.) Burn Sale ended, and Series 1 access tokens are in full swing. Get all caught up below
üëáüëáüëá
https://t.co/UpGAUtAIpP",1504969477078798341,2022-03-18T23:54:18.000Z,
"RT @jasonmorena_: In February @137pm and I got to document @DrifterShoots &amp; @garyvee create the third gift goat drop for @veefriends 

This‚Ä¶",1504940365853384706,2022-03-18T21:58:38.000Z,
".@garyvee: ""Do you like heights??""
@DrifterShoots: ""Oh yeah.""
Where My Goats Go live now at https://t.co/4sWBzL4IhC
https://t.co/I4zdz2QbFE",1504932242514235393,2022-03-18T21:26:21.000Z,
RT @PAExplorer1981: Got dropped this @DrifterShoots nft as @veefriends gift goat gift #3. Central Park in winter. Incoming are custom @VANS‚Ä¶,1504919702447038466,2022-03-18T20:36:31.000Z,"[{'domain': {'id': '66', 'name': 'Interests and Hobbies Category', 'description': 'A grouping of interests and hobbies entities, like Novelty Food or Destinations'}, 'entity': {'id': '913142676819648512', 'name': 'Cryptocurrencies', 'description': 'Cryptocurrency'}}]"
"RT @veecon: The VeeCon 2022 lineup continues to grow stronger and stronger! Let‚Äôs give our newest cast a warm welcome:
@lphaCentauriKid  @a‚Ä¶",1504913602985218049,2022-03-18T20:12:17.000Z,
"VeeFriends Series 2 Education happening NOW on the VeeFriends Discord Stage! Come learn about everything Series 2 to get you prepared for the drop in April. Must be in the Discord to attend:
https://t.co/IHu2UQak7F",1504904307275177993,2022-03-18T19:35:21.000Z,"[{'domain': {'id': '47', 'name': 'Brand', 'description': 'Brands and Companies'}, 'entity': {'id': '1168499224297656321', 'name': 'Discord'}}]"
"@DrifterShoots ""It's a blessing"" üíú",1504886933838835716,2022-03-18T18:26:19.000Z,
RT @HouinatoF: Love those @DrifterShoots @garyvee So excited to have those as Gift#3 for @veefriends Gift goat! https://t.co/bw3rFLQ6wj,1504878800278114305,2022-03-18T17:53:59.000Z,
RT @DrifterShoots: BOOM üí• https://t.co/IjjMzroj9p,1504876733652156420,2022-03-18T17:45:47.000Z,
RT @whatsafawzi1: Thank you @garyvee and @DrifterShoots. Do yourselves a favor and buy a @veefriends gift goat so you can get airdropped NF‚Ä¶,1504874108944846851,2022-03-18T17:35:21.000Z,
RT @markdusa_: @krainak @garyvee @DrifterShoots https://t.co/Rp21mJVnXJ,1504872882194812946,2022-03-18T17:30:28.000Z,
"RT @Corso52: WOW! Gift #3 is INSANE!
@DrifterShoots @garyvee @veefriends https://t.co/0NzCK4KFb3",1504869778481192964,2022-03-18T17:18:08.000Z,
RT @137pm: Today @veefriends Gift Goat token holders have been airdropped their 3rd gifting experience (each gift includes a physical + NFT‚Ä¶,1504869710390824980,2022-03-18T17:17:52.000Z,"[{'domain': {'id': '66', 'name': 'Interests and Hobbies Category', 'description': 'A grouping of interests and hobbies entities, like Novelty Food or Destinations'}, 'entity': {'id': '913142676819648512', 'name': 'Cryptocurrencies', 'description': 'Cryptocurrency'}}]"
"Do you like heights? VeeFriends Gift Goats do. Gift #3 takes Gift Goat to the skies above NYC for a skyscraping collab with @DrifterShoots x @VANS_66 to create 'Where My Goats Go'. Watch the collection come to life üëá- Warning: Your palms might get sweaty.
https://t.co/I4zdz2QbFE",1504866934936027141,2022-03-18T17:06:51.000Z,"[{'domain': {'id': '3', 'name': 'TV Shows', 'description': 'Television shows from around the world'}, 'entity': {'id': '10048384068', 'name': 'The Collection'}}, {'domain': {'id': '46', 'name': 'Brand Category', 'description': 'Categories within Brand Verticals that narrow down the scope of Brands'}, 'entity': {'id': '781974596807299072', 'name': 'Apparel/Accessories'}}, {'domain': {'id': '47', 'name': 'Brand', 'description': 'Brands and Companies'}, 'entity': {'id': '10024011481', 'name': 'Vans'}}, {'domain': {'id': '67', 'name': 'Interests and Hobbies', 'description': 'Interests, opinions, and behaviors of individuals, groups, or cultures; like Speciality Cooking or Theme Parks'}, 'entity': {'id': '839543390668673024', 'name': 'Fashion'}}]"
"RT @trueonelove21: Minted. @veefriends @garyvee @zerocoolcards 

#veefriendsBreak https://t.co/XuS4IkVL9F",1504866656232869901,2022-03-18T17:05:44.000Z,
RT @backyardbreaks_: 1/1 HEATüî•üî•üî• @garyvee @zerocoolcards @veefriends https://t.co/PliiETBudz,1504866540734320660,2022-03-18T17:05:17.000Z,
"RT @RickyDebler: It‚Äôs official‚Ä¶I‚Äôm a @veefriends millionaire üíØ 

TY @garyvee TY to my very first NFT, Earnest Ermine, for being a major rea‚Ä¶",1504848682893647876,2022-03-18T15:54:19.000Z,"[{'domain': {'id': '66', 'name': 'Interests and Hobbies Category', 'description': 'A grouping of interests and hobbies entities, like Novelty Food or Destinations'}, 'entity': {'id': '913142676819648512', 'name': 'Cryptocurrencies', 'description': 'Cryptocurrency'}}]"
RT @garyvee: Gift goat nfts sit in @veefriends mini drops - https://t.co/NFIF2TZaep which is a super cool little  place in the VF world üåç,1504838421537304578,2022-03-18T15:13:32.000Z,"[{'domain': {'id': '66', 'name': 'Interests and Hobbies Category', 'description': 'A grouping of interests and hobbies entities, like Novelty Food or Destinations'}, 'entity': {'id': '913142676819648512', 'name': 'Cryptocurrencies', 'description': 'Cryptocurrency'}}]"
The Gift Goat's journey continues today at 1PM ET. Where will Gift #3 take our adventurous friend? üêê https://t.co/tZajnq0ieI,1504837365877067777,2022-03-18T15:09:21.000Z,"[{'domain': {'id': '66', 'name': 'Interests and Hobbies Category', 'description': 'A grouping of interests and hobbies entities, like Novelty Food or Destinations'}, 'entity': {'id': '913142676819648512', 'name': 'Cryptocurrencies', 'description': 'Cryptocurrency'}}]"
Top 5 VeeFriends characters at this exact moment: GO,1504815682290130983,2022-03-18T13:43:11.000Z,
@garyvee @zerocoolcards will @tySchmitt5 learn his lesson before VeeFriends Series 2? ü§îüòÇ stay tuned,1504815374507909159,2022-03-18T13:41:58.000Z,
RT @garyvee: Supply and demand ‚Ä¶ @veefriends #zerocool #veefriendsBreak  @zerocoolcards https://t.co/DAyGIBxFAu,1504814955220004868,2022-03-18T13:40:18.000Z,
"@sebcordes @garyvee @jodi_nft @sstolzenbach That's legit! Congrats on the big buy, Sebastian!!",1504814436841766914,2022-03-18T13:38:14.000Z,
RT @tohneth: @garyvee pulled a big one üëÄ @zerocoolcards #veefriendsBreak https://t.co/vaAKjAm0mQ,1504813989053800466,2022-03-18T13:36:27.000Z,
RT @taek2212: We don't know what it is yet. One guy bought 2 before reveal for 5.5eth üëÄüêêüéÅ @veefriends https://t.co/CcHGb9dxxW,1504810902964551683,2022-03-18T13:24:11.000Z,
https://t.co/EceuzOIUhE,1504807708712701956,2022-03-18T13:11:30.000Z,
Some fitting #VeeFriendsArt to kick off Gift Goat Gift #3 drop day! https://t.co/JX07x7KXSW,1504794706387030017,2022-03-18T12:19:50.000Z,
"RT @jspeedymorris22: @veefriends @garyvee Really enjoying the class. Thanks, May https://t.co/dDQ3e1shce",1504626068619202563,2022-03-18T01:09:44.000Z,
RT @howslifeaustin: GREEN IS GREEN! Haven't been this excited since opening my first Pok√©mon booster packs wayyy back in school lol! This i‚Ä¶,1504626028056096773,2022-03-18T01:09:34.000Z,"[{'domain': {'id': '130', 'name': 'Multimedia Franchise', 'description': ""Franchises which span multiple forms of media like 'Harry Potter'""}, 'entity': {'id': '10045599546', 'name': 'Pok√©mon', 'description': 'This entity includes all conversation about the franchise, as well as any individual installments in the series, if applicable. **NOTE: Annotations redirected to domain 130 ONLY on 8/7/18.'}}]"
"Anyone who doesn't have a crypto wallet should join our free-to-attend NFT 101! You will walk out of the session with a MetaMask set up and ready to buy your first NFT!

8PM ET - zoom link to join üëá
https://t.co/ETTDBYCB6v",1504589764636381191,2022-03-17T22:45:28.000Z,"[{'domain': {'id': '66', 'name': 'Interests and Hobbies Category', 'description': 'A grouping of interests and hobbies entities, like Novelty Food or Destinations'}, 'entity': {'id': '913142676819648512', 'name': 'Cryptocurrencies', 'description': 'Cryptocurrency'}}]"
"VeeCon Burn Sale Stats Update:
BG Tokens Burnt: 2,887
VeeCon Tickets Exchanged: 564
Time Remaining: 24 hours
Burn Requirement: 7 PEARL Frames
#SeeYouAtVeeCon",1504580891313676290,2022-03-17T22:10:12.000Z,
"The final burn of the 2022 VeeCon Burn Sale is upon us! For the next 24 hours, burning 7 PEARL FRAMED BG Tokens gets you a GOO @veecon Ticket NFT! The Burn Sale concludes Friday March 18th at 5:55PM. #SeeYouAtVeeCon 
More info: https://t.co/Op0T9X8J3b",1504580888952283147,2022-03-17T22:10:12.000Z,"[{'domain': {'id': '66', 'name': 'Interests and Hobbies Category', 'description': 'A grouping of interests and hobbies entities, like Novelty Food or Destinations'}, 'entity': {'id': '913142676819648512', 'name': 'Cryptocurrencies', 'description': 'Cryptocurrency'}}]"
RT @Derek_Hausladen: Single card @veefriends @zerocoolcards  sales about to get crazy‚Ä¶ can‚Äôt wait to see how parabolic pop and market cap g‚Ä¶,1504575986066726915,2022-03-17T21:50:43.000Z,"[{'domain': {'id': '55', 'name': 'Music Genre', 'description': 'A category for a musical style, like Pop, Rock, or Rap'}, 'entity': {'id': '810938279801470977', 'name': 'Pop', 'description': 'Pop'}}]"
RT @taek2212: üéÅüêêüéÅ#3Ô∏è‚É£ coming tomorrow! @veefriends is üî•üöÄ https://t.co/Xrre6QxZiA,1504575718130339841,2022-03-17T21:49:39.000Z,
Gift Goat Gift #3 coming tomorrow üëÄü™Ç https://t.co/rTXYAB973Z,1504575631769669634,2022-03-17T21:49:18.000Z,"[{'domain': {'id': '66', 'name': 'Interests and Hobbies Category', 'description': 'A grouping of interests and hobbies entities, like Novelty Food or Destinations'}, 'entity': {'id': '913142676819648512', 'name': 'Cryptocurrencies', 'description': 'Cryptocurrency'}}]"
These are absolute HEAT üî•üî• show @Dad_And_KidsNFT some love on this one üëè https://t.co/k1xjcWUkOK,1504562028735832065,2022-03-17T20:55:15.000Z,
"RT @veefriendsbot: ""Diamond Hands"" Hen was purchased for 20.9000 $ETH ($58,808.21 USD) by https://t.co/WJ8o8LbGYS from https://t.co/DTzQoeq‚Ä¶",1504543165134614530,2022-03-17T19:40:18.000Z,"[{'domain': {'id': '30', 'name': 'Entities [Entity Service]', 'description': 'Entity Service top level domain, every item that is in Entity Service should be in this domain'}, 'entity': {'id': '1007361429752594432', 'name': 'Ethereum cryptocurrency', 'description': 'Ethereum Cryptocurrency'}}, {'domain': {'id': '66', 'name': 'Interests and Hobbies Category', 'description': 'A grouping of interests and hobbies entities, like Novelty Food or Destinations'}, 'entity': {'id': '913142676819648512', 'name': 'Cryptocurrencies', 'description': 'Cryptocurrency'}}, {'domain': {'id': '66', 'name': 'Interests and Hobbies Category', 'description': 'A grouping of interests and hobbies entities, like Novelty Food or Destinations'}, 'entity': {'id': '1492162686204854274', 'name': 'Digital assets & cryptocurrency', 'description': 'Cryptocurrency'}}]"
RT @veecon: Join us in welcoming @charlidamelio as a Speaker at VeeCon 2022! #SeeYouAtVeeCon https://t.co/zaCCfQqUmK,1504542024585945091,2022-03-17T19:35:46.000Z,"[{'domain': {'id': '10', 'name': 'Person', 'description': 'Named people in the world like Nelson Mandela'}, 'entity': {'id': '1242098544195948544', 'name': 'Charli D‚ÄôAmelio'}}, {'domain': {'id': '120', 'name': 'Digital Creator', 'description': 'Influencers who create content on digital platforms'}, 'entity': {'id': '1242098544195948544', 'name': 'Charli D‚ÄôAmelio'}}]"
WOWOWOWOWW üî•üî•üî• https://t.co/8qHYVS2d0T,1504517381154131968,2022-03-17T17:57:50.000Z,
üòÇüòÇ it be like that sometimes https://t.co/prgUUZpxBd,1504517162047791111,2022-03-17T17:56:58.000Z,
RT @UtalishviliNika: Thought?????!!!!!!!! Fucking happy @garyvee @veefriends @zerocoolcards @krainak https://t.co/Hd8TXrTsw6,1504516918035759104,2022-03-17T17:56:00.000Z,
@bobbyhundreds @AdamBombSquad #SeeyouAtVeeCon @veecon !!,1504511479550255112,2022-03-17T17:34:23.000Z,
"@CoolYogi7 Hey C, it looks like that is the session scheduled for 8PM ET tonight. A few minutes before that session begins, the meeting will open up to join. See you there!",1504506235965558786,2022-03-17T17:13:33.000Z,
RT @garyvee: Veefriends Break https://t.co/YE5WYOjTSq,1504498364263641092,2022-03-17T16:42:16.000Z,
RT @iiLAVERY: Just opened my box (1/2). Got a signed card! Couldn‚Äôt be happier with the first box break of my life. Signed Dapper Dachshund‚Ä¶,1504496094650277890,2022-03-17T16:33:15.000Z,
"GOO VeeCon Burn Sale Update: When the clock hits 5:55PM ET today, that marks 24 hours remaining in the burn sale. You have until 5:55PM today to burn 5 SILVER FRAMES. After that, the new and FINAL burn requirement will be 7 PEARL FRAMES.  Burn wisely. https://t.co/Oh4wmLXKdN",1504491431284543488,2022-03-17T16:14:43.000Z,"[{'domain': {'id': '66', 'name': 'Interests and Hobbies Category', 'description': 'A grouping of interests and hobbies entities, like Novelty Food or Destinations'}, 'entity': {'id': '913142676819648512', 'name': 'Cryptocurrencies', 'description': 'Cryptocurrency'}}]"
RT @veecon: Join us in welcoming @bobbyhundreds as a Speaker at VeeCon 2022! #SeeYouAtVeeCon https://t.co/B9YiIiSTRV,1504485286469767168,2022-03-17T15:50:18.000Z,
"So pumped to see all of the #VeeFriendsBreak videos today, what are you hoping to pull? https://t.co/2B6E6zoaGR",1504485189220667397,2022-03-17T15:49:55.000Z,
"Been looking to jump into NFTs but don't know where to start? Our two free-to-attend NFT 101 education sessions today will help you do just that. Today's times:
12:30PM EST - 1:30PM EST
8PM EST - 9PM EST
Learn more: https://t.co/39tMr77Khy",1504451650756427778,2022-03-17T13:36:39.000Z,"[{'domain': {'id': '66', 'name': 'Interests and Hobbies Category', 'description': 'A grouping of interests and hobbies entities, like Novelty Food or Destinations'}, 'entity': {'id': '913142676819648512', 'name': 'Cryptocurrencies', 'description': 'Cryptocurrency'}}]"
#NewProfilePic #VVVVLBC #DiamondSpectacular https://t.co/eAlrhxnlTD,1504451132659273729,2022-03-17T13:34:36.000Z,
@carltaiz1 @garyvee DMed you!,1504446251202457600,2022-03-17T13:15:12.000Z,
@MikeDiCicco4 @garyvee @zerocoolcards @adamripps Wowowooww congrats! üßö,1504445721646350340,2022-03-17T13:13:05.000Z,
"SILVER STAYS! Get the info straight from the source (@garyvee) as we head into our final 48 hours of the VeeCon Burn Sale. Burning 5 Silver Framed BG tokens gets you a GOO VeeCon Ticket NFT for the next 24 hours!
Burn at: https://t.co/neTebX83M9 https://t.co/IejvW6HN9r",1504219708802928641,2022-03-16T22:15:00.000Z,"[{'domain': {'id': '66', 'name': 'Interests and Hobbies Category', 'description': 'A grouping of interests and hobbies entities, like Novelty Food or Destinations'}, 'entity': {'id': '913142676819648512', 'name': 'Cryptocurrencies', 'description': 'Cryptocurrency'}}]"
RT @veecon: Join us in welcoming @amber_vittoria as a Speaker at VeeCon 2022! #SeeYouAtVeeCon https://t.co/gs05QveFAq,1504193261333798925,2022-03-16T20:29:54.000Z,
RT @veecon: Excited to have @businessbarista join us at VeeCon 2022 as a speaker! #SeeYouAtVeeCon https://t.co/O5BnrZmpLO,1504187832155394055,2022-03-16T20:08:20.000Z,
RT @veecon: Excited to have @illmindproducer join us at VeeCon 2022 as a speaker! #SeeYouAtVeeCon https://t.co/xLGQXoiNhS,1504187823506796554,2022-03-16T20:08:18.000Z,
RT @veecon: Join us in welcoming @AlonGoren as a Moderator at VeeCon 2022! #SeeYouAtVeeCon https://t.co/TSAMf93zNE,1504187765986111493,2022-03-16T20:08:04.000Z,
"Are you a skilled Creator with experience in Graphic Design? VeeFriends is HIRING! Apply below or forward to a Content Condor who should 
https://t.co/Sy7oi9iOcA https://t.co/6OmqD3Ff51",1504178415494180865,2022-03-16T19:30:55.000Z,"[{'domain': {'id': '65', 'name': 'Interests and Hobbies Vertical', 'description': 'Top level interests and hobbies groupings, like Food or Travel'}, 'entity': {'id': '847868745150119936', 'name': 'Home & family', 'description': 'Hobbies and interests'}}, {'domain': {'id': '66', 'name': 'Interests and Hobbies Category', 'description': 'A grouping of interests and hobbies entities, like Novelty Food or Destinations'}, 'entity': {'id': '1046577790353428480', 'name': 'Visual arts', 'description': 'Visual Arts'}}, {'domain': {'id': '67', 'name': 'Interests and Hobbies', 'description': 'Interests, opinions, and behaviors of individuals, groups, or cultures; like Speciality Cooking or Theme Parks'}, 'entity': {'id': '1046580793848418305', 'name': 'Graphic design', 'description': 'Graphic Design'}}]"
First-look at Series 2 Tremendous Tiger! What do you think?? https://t.co/9xCffBIt8t,1504175920239853572,2022-03-16T19:21:00.000Z,
@garyvee We'd be honored to have you :),1504146984164368384,2022-03-16T17:26:01.000Z,
More of a visual learner? We got you! Get caught up on the announcement-filled last week at VeeFriends in under 30 seconds. Full Roundup can be found in the thread below üëá https://t.co/124tanx30Y https://t.co/yZfTSPqAH0,1504137652072763404,2022-03-16T16:48:56.000Z,
"12PM VeeCon Burn Sale Update:
The burn üî• requirement for a GOO VeeCon Ticket NFT will continue to be 5 SILVER Framed BOOK GAMES tokens until March 17th at 5:55PM ET. Only 2.5 days remaining for the Burn Sale, don't wait! #SeeYouAtVeeCon 
Burn at: https://t.co/neTebX83M9",1504126501293281280,2022-03-16T16:04:37.000Z,"[{'domain': {'id': '66', 'name': 'Interests and Hobbies Category', 'description': 'A grouping of interests and hobbies entities, like Novelty Food or Destinations'}, 'entity': {'id': '913142676819648512', 'name': 'Cryptocurrencies', 'description': 'Cryptocurrency'}}]"
"RT @ezrawithacamera: We're tracking every @veefriends x @zerocoolcards box break we can find. And I'm crazy enough to watch 1,000 videos if‚Ä¶",1504119942500823040,2022-03-16T15:38:34.000Z,
"If you've been waiting for the right moment to jump into NFTs and get ready for VeeFriends Series 2 coming this April, this is it. Our sole NFT 101 session of the day kicks off at 1:30PM - 2:30PM EST, see you there! https://t.co/jBsRkdJe7R",1504107484537135112,2022-03-16T14:49:03.000Z,"[{'domain': {'id': '45', 'name': 'Brand Vertical', 'description': 'Top level entities that describe a Brands industry'}, 'entity': {'id': '781974596148793345', 'name': 'Business & finance'}}, {'domain': {'id': '46', 'name': 'Brand Category', 'description': 'Categories within Brand Verticals that narrow down the scope of Brands'}, 'entity': {'id': '781974596794716162', 'name': 'Financial services'}}, {'domain': {'id': '47', 'name': 'Brand', 'description': 'Brands and Companies'}, 'entity': {'id': '1370436971940642819', 'name': 'Coinbase'}}, {'domain': {'id': '65', 'name': 'Interests and Hobbies Vertical', 'description': 'Top level interests and hobbies groupings, like Food or Travel'}, 'entity': {'id': '781974596148793345', 'name': 'Business & finance'}}, {'domain': {'id': '66', 'name': 'Interests and Hobbies Category', 'description': 'A grouping of interests and hobbies entities, like Novelty Food or Destinations'}, 'entity': {'id': '913142676819648512', 'name': 'Cryptocurrencies', 'description': 'Cryptocurrency'}}, {'domain': {'id': '66', 'name': 'Interests and Hobbies Category', 'description': 'A grouping of interests and hobbies entities, like Novelty Food or Destinations'}, 'entity': {'id': '1492162686204854274', 'name': 'Digital assets & cryptocurrency', 'description': 'Cryptocurrency'}}]"
book games are played forever ‚ôæ https://t.co/TaVF9wianK,1504091207550517251,2022-03-16T13:44:23.000Z,
